{
  "accident_prob": [
    0.0031349826604127884,
    0.0012082330649718642,
    0.00003693422695505433,
    0.0013968001585453749,
    0.0001831322442740202,
    0.00041411464917473495,
    0.002424640813842416,
    0.000009344336831418332,
    0.0006729881861247122,
    -0.000005352376319933683,
    0.0003354908258188516,
    0.0013353768736124039,
    0.00016872301057446748,
    0.0005507810274139047
  ],
  "crash_type": [
    0.00510721979662776,
    0.007956837303936481,
    0.0002094792725984007,
    0.22046449780464172,
    0.0005577674019150436,
    0.0017252430552616715,
    0.045735765248537064,
    0.000728767307009548,
    0.0038078036159276962,
    0.002484679687768221,
    0.009066472761332989,
    0.015716159716248512,
    0.0021671857684850693,
    0.005435533355921507
  ]
}