{
  "accident_prob": [
    0.004058096557855606,
    0.0010034753940999508,
    0.0016826504142954946,
    0.0008963745203800499,
    0.0014063462149351835,
    0.00208063842728734,
    0.0007012540590949357,
    0.000024153910999302752,
    0.0004940250073559582,
    0.00027681360370479524,
    0.003158159088343382,
    0.0004438437463250011,
    0.0006227491539902985,
    0.0012841458665207028
  ],
  "crash_type": [
    0.012010046280920506,
    0.004384436644613743,
    0.0039633288979530334,
    0.022554893046617508,
    0.0028038527816534042,
    0.005921750795096159,
    0.0038767950609326363,
    0.0015094223199412227,
    0.0010703804437071085,
    0.005685417912900448,
    0.017333002761006355,
    0.0038497080095112324,
    0.005315392278134823,
    0.00489715626463294
  ]
}