{
  "accident_prob": [
    0.002692112699151039,
    0.0006205154932104051,
    0.00139306066557765,
    0.0009464953327551484,
    0.00040671671740710735,
    0.0027742802631109953,
    0.0006440567085519433,
    0.0006926010828465223,
    0.0017064663115888834,
    0.0001984801929211244,
    0.0016153750475496054,
    0.0004307790950406343,
    0.0006373499636538327,
    0.0013742066221311688
  ],
  "crash_type": [
    0.010800869204103947,
    0.006574647035449743,
    0.007032693363726139,
    0.05430254712700844,
    0.0030333618633449078,
    0.009738175198435783,
    0.004278625827282667,
    0.0025510103441774845,
    0.009088662452995777,
    0.003763148793950677,
    0.021849991753697395,
    0.005742745939642191,
    0.006586183328181505,
    0.006998189724981785
  ]
}